{"cameraMode":{"drawMode":0,"name":"Shaded","section":"Shading Mode"},"sceneLighting":false,"audioPlay":false,"sceneViewState":{"showFog":true,"showMaterialUpdate":false,"showSkybox":true,"showFlares":true,"showImageEffects":true,"showParticleSystems":true},"in2DMode":false,"pivot":{"x":8.587890625,"y":3.9908447265625,"z":-0.0787353515625},"rotation":{"x":0.02001059241592884,"y":-0.6195294260978699,"z":0.015801401808857919,"w":0.7845608592033386},"size":3.3894999027252199,"orthographic":true}