{"cameraMode":{"drawMode":0,"name":"Shaded","section":"Shading Mode"},"sceneLighting":false,"audioPlay":false,"sceneViewState":{"showFog":true,"showMaterialUpdate":false,"showSkybox":true,"showFlares":true,"showImageEffects":true,"showParticleSystems":true},"in2DMode":false,"pivot":{"x":8.587890625,"y":3.9908447265625,"z":-0.0787353515625},"rotation":{"x":0.015500201843678952,"y":-0.6065824627876282,"z":0.011829822324216366,"w":0.7947832942008972},"size":3.3894999027252199,"orthographic":true}